DRG Definition,Provider ID,Provider Name,Provider Street Address,Provider City,Provider State,Provider Zip Code,Hospital Referral Region (HRR) Description,Total Discharges,Average Covered Charges,Average Total Payments,Average Medicare Payments,from the Outpatient_Data_2017_XLSX,Hospital Name,Address,City,State,ZIP Code,County Name,Phone Number,Hospital Type,Hospital Ownership,Emergency Services,Meets criteria for meaningful use of EHRs,Hospital overall rating,Hospital overall rating footnote,Mortality national comparison,Mortality national comparison footnote,Safety of care national comparison,Safety of care national comparison footnote,Readmission national comparison,Readmission national comparison footnote,Patient experience national comparison,Patient experience national comparison footnote,Effectiveness of care national comparison,Effectiveness of care national comparison footnote,Timeliness of care national comparison,Timeliness of care national comparison footnote,Efficient use of medical imaging national comparison,Efficient use of medical imaging national comparison footnote,Hospital name,Payment measure name,Payment measure ID,Payment category,Denominator,Payment,Lower estimate,Higher estimate,Payment footnote,Value of care display name,Value of care display ID,Value of care category,Value of care footnote,Measure start date,Measure End Date,Location
470 - MAJOR JOINT REPLACEMENT OR REATTACHMENT OF LOWER EXTREMITY W/O MCC,10001,SOUTHEAST ALABAMA MEDICAL CENTER,1108 ROSS CLARK CIRCLE,DOTHAN,AL,36301,AL - Dothan,175,44074.41,11581.0,9195.18,a cms data flat file ,SOUTHEAST ALABAMA MEDICAL CENTER,1108 ROSS CLARK CIRCLE,DOTHAN,AL,36301.0,HOUSTON,3347938701.0,Acute Care Hospitals,Government - Hospital District or Authority,Yes,Y,3,,Same as the national average,,Above the national average,,Below the national average,,Below the national average,,Same as the national average,,Same as the national average,,Same as the national average,,SOUTHEAST ALABAMA MEDICAL CENTER,Payment for hip/knee replacement patients,PAYM_90_HIP_KNEE,Greater Than the National Average Payment,284,"$24,984 ","$23,894 ","$26,172 ",,Value of Care hip/knee replacement,COMP_PAYM_90_HIP_KNEE,Average Complications and Higher Payment,,4/1/2015,3/31/2018,"1108 ROSS CLARK CIRCLE DOTHAN, AL 36301 (31.214058, -85.361725)"
470 - MAJOR JOINT REPLACEMENT OR REATTACHMENT OF LOWER EXTREMITY W/O MCC,10005,MARSHALL MEDICAL CENTER SOUTH,2505 U S HIGHWAY 431 NORTH,BOAZ,AL,35957,AL - Birmingham,168,25815.24,11093.21,9300.83,https://data.medicare.gov/views/bg9k-emty/files/e2e2a7e3-7e89-4339-933b-e28e13f89b32?content_type=application%2Fzip%3B%20charset%3Dbinary&filename=Hospital_Revised_Flatfiles.zip,MARSHALL MEDICAL CENTER SOUTH,2505 U S HIGHWAY 431 NORTH,BOAZ,AL,35957.0,MARSHALL,2565938310.0,Acute Care Hospitals,Government - Hospital District or Authority,Yes,Y,2,,Below the national average,,Same as the national average,,Above the national average,,Same as the national average,,Same as the national average,,Above the national average,,Below the national average,,MARSHALL MEDICAL CENTER SOUTH,Payment for hip/knee replacement patients,PAYM_90_HIP_KNEE,No Different Than the National Average Payment,253,"$22,051 ","$21,041 ","$23,103 ",,Value of Care hip/knee replacement,COMP_PAYM_90_HIP_KNEE,Average Complications and Average Payment,,4/1/2015,3/31/2018,"2505 U S HIGHWAY 431 NORTH BOAZ, AL 35957"
470 - MAJOR JOINT REPLACEMENT OR REATTACHMENT OF LOWER EXTREMITY W/O MCC,10006,ELIZA COFFEE MEMORIAL HOSPITAL,205 MARENGO STREET,FLORENCE,AL,35631,AL - Birmingham,232,50628.02,10522.91,8449.68,,ELIZA COFFEE MEMORIAL HOSPITAL,205 MARENGO STREET,FLORENCE,AL,35631.0,LAUDERDALE,2567688400.0,Acute Care Hospitals,Government - Hospital District or Authority,Yes,Y,2,,Below the national average,,Same as the national average,,Below the national average,,Below the national average,,Same as the national average,,Above the national average,,Below the national average,,NORTH ALABAMA MEDICAL CENTER,Payment for hip/knee replacement patients,PAYM_90_HIP_KNEE,Greater Than the National Average Payment,384,"$24,385 ","$23,435 ","$25,349 ",,Value of Care hip/knee replacement,COMP_PAYM_90_HIP_KNEE,Average Complications and Higher Payment,,4/1/2015,3/31/2018,"1701 VETERANS DRIVE FLORENCE, AL 35630 (34.802756, -87.652191)"
470 - MAJOR JOINT REPLACEMENT OR REATTACHMENT OF LOWER EXTREMITY W/O MCC,10007,MIZELL MEMORIAL HOSPITAL,702 N MAIN ST,OPP,AL,36467,AL - Dothan,13,41980.92,10972.23,9365.46,,MIZELL MEMORIAL HOSPITAL,702 N MAIN ST,OPP,AL,36467.0,COVINGTON,3344933541.0,Acute Care Hospitals,Voluntary non-profit - Private,Yes,Y,2,,Below the national average,,Not Available,Results are not available for this reporting period.,Below the national average,,Same as the national average,,Below the national average,,Above the national average,,Not Available,Results are not available for this reporting period.,MIZELL MEMORIAL HOSPITAL,Payment for hip/knee replacement patients,PAYM_90_HIP_KNEE,No Different Than the National Average Payment,30,"$22,066 ","$19,589 ","$24,807 ",,Value of Care hip/knee replacement,COMP_PAYM_90_HIP_KNEE,Average Complications and Average Payment,,4/1/2015,3/31/2018,"702 N MAIN ST OPP, AL 36467 (31.291972, -86.255415)"
470 - MAJOR JOINT REPLACEMENT OR REATTACHMENT OF LOWER EXTREMITY W/O MCC,10011,ST VINCENT'S EAST,50 MEDICAL PARK EAST DRIVE,BIRMINGHAM,AL,35235,AL - Birmingham,93,35463.9,12053.11,9972.75,,ST VINCENT'S EAST,50 MEDICAL PARK EAST DRIVE,BIRMINGHAM,AL,35235.0,JEFFERSON,2058383122.0,Acute Care Hospitals,Voluntary non-profit - Private,Yes,Y,3,,Same as the national average,,Below the national average,,Above the national average,,Below the national average,,Same as the national average,,Same as the national average,,Same as the national average,,ST VINCENT'S EAST,Payment for hip/knee replacement patients,PAYM_90_HIP_KNEE,Greater Than the National Average Payment,103,"$23,346 ","$21,720 ","$25,074 ",,Value of Care hip/knee replacement,COMP_PAYM_90_HIP_KNEE,Average Complications and Higher Payment,,4/1/2015,3/31/2018,"50 MEDICAL PARK EAST DRIVE BIRMINGHAM, AL 35235 (33.595351, -86.665182)"
470 - MAJOR JOINT REPLACEMENT OR REATTACHMENT OF LOWER EXTREMITY W/O MCC,10016,SHELBY BAPTIST MEDICAL CENTER,1000 FIRST STREET NORTH,ALABASTER,AL,35007,AL - Birmingham,101,73697.51,11500.55,9634.01,,SHELBY BAPTIST MEDICAL CENTER,1000 FIRST STREET NORTH,ALABASTER,AL,35007.0,SHELBY,2056208100.0,Acute Care Hospitals,Voluntary non-profit - Private,Yes,Y,3,,Same as the national average,,Above the national average,,Above the national average,,Same as the national average,,Same as the national average,,Same as the national average,,Below the national average,,SHELBY BAPTIST MEDICAL CENTER,Payment for hip/knee replacement patients,PAYM_90_HIP_KNEE,No Different Than the National Average Payment,174,"$22,017 ","$20,843 ","$23,259 ",,Value of Care hip/knee replacement,COMP_PAYM_90_HIP_KNEE,Average Complications and Average Payment,,4/1/2015,3/31/2018,"1000 FIRST STREET NORTH ALABASTER, AL 35007 (33.253679, -86.814261)"
470 - MAJOR JOINT REPLACEMENT OR REATTACHMENT OF LOWER EXTREMITY W/O MCC,10019,HELEN KELLER MEMORIAL HOSPITAL,1300 SOUTH MONTGOMERY AVENUE,SHEFFIELD,AL,35660,AL - Birmingham,248,34197.05,10826.97,8479.26,,HELEN KELLER MEMORIAL HOSPITAL,1300 SOUTH MONTGOMERY AVENUE,SHEFFIELD,AL,35660.0,COLBERT,2563864556.0,Acute Care Hospitals,Government - Hospital District or Authority,Yes,Y,3,,Same as the national average,,Above the national average,,Below the national average,,Same as the national average,,Same as the national average,,Above the national average,,Below the national average,,HELEN KELLER MEMORIAL HOSPITAL,Payment for hip/knee replacement patients,PAYM_90_HIP_KNEE,Greater Than the National Average Payment,403,"$22,841 ","$22,034 ","$23,716 ",,Value of Care hip/knee replacement,COMP_PAYM_90_HIP_KNEE,Average Complications and Higher Payment,,4/1/2015,3/31/2018,"1300 SOUTH MONTGOMERY AVENUE SHEFFIELD, AL 35660 (34.748249, -87.698866)"
470 - MAJOR JOINT REPLACEMENT OR REATTACHMENT OF LOWER EXTREMITY W/O MCC,10023,BAPTIST MEDICAL CENTER SOUTH,2105 EAST SOUTH BOULEVARD,MONTGOMERY,AL,36116,AL - Montgomery,292,38472.06,12021.55,10269.2,,BAPTIST MEDICAL CENTER SOUTH,2105 EAST SOUTH BOULEVARD,MONTGOMERY,AL,36116.0,MONTGOMERY,3342882100.0,Acute Care Hospitals,Government - Hospital District or Authority,Yes,Y,3,,Same as the national average,,Above the national average,,Below the national average,,Below the national average,,Same as the national average,,Below the national average,,Above the national average,,BAPTIST MEDICAL CENTER SOUTH,Payment for hip/knee replacement patients,PAYM_90_HIP_KNEE,Less Than the National Average Payment,576,"$20,327 ","$19,734 ","$20,939 ",,Value of Care hip/knee replacement,COMP_PAYM_90_HIP_KNEE,Average Complications and Lower Payment,,4/1/2015,3/31/2018,"2105 EAST SOUTH BOULEVARD MONTGOMERY, AL 36116 (32.327144, -86.276764)"
470 - MAJOR JOINT REPLACEMENT OR REATTACHMENT OF LOWER EXTREMITY W/O MCC,10024,JACKSON HOSPITAL & CLINIC INC,1725 PINE STREET,MONTGOMERY,AL,36106,AL - Montgomery,173,54588.64,10289.65,8431.27,,JACKSON HOSPITAL & CLINIC INC,1725 PINE STREET,MONTGOMERY,AL,36106.0,MONTGOMERY,3342938000.0,Acute Care Hospitals,Voluntary non-profit - Private,Yes,Y,2,,Below the national average,,Below the national average,,Below the national average,,Same as the national average,,Same as the national average,,Below the national average,,Below the national average,,JACKSON HOSPITAL & CLINIC INC,Payment for hip/knee replacement patients,PAYM_90_HIP_KNEE,No Different Than the National Average Payment,300,"$21,146 ","$20,273 ","$22,029 ",,Value of Care hip/knee replacement,COMP_PAYM_90_HIP_KNEE,Average Complications and Average Payment,,4/1/2015,3/31/2018,"1725 PINE STREET MONTGOMERY, AL 36106 (32.366606, -86.285155)"
470 - MAJOR JOINT REPLACEMENT OR REATTACHMENT OF LOWER EXTREMITY W/O MCC,10029,EAST ALABAMA MEDICAL CENTER,2000 PEPPERELL PARKWAY,OPELIKA,AL,36801,AL - Birmingham,364,32760.18,11482.31,9308.07,,EAST ALABAMA MEDICAL CENTER,2000 PEPPERELL PARKWAY,OPELIKA,AL,36801.0,LEE,3347493411.0,Acute Care Hospitals,Government - Hospital District or Authority,Yes,Y,3,,Same as the national average,,Above the national average,,Above the national average,,Same as the national average,,Same as the national average,,Above the national average,,Below the national average,,EAST ALABAMA MEDICAL CENTER,Payment for hip/knee replacement patients,PAYM_90_HIP_KNEE,No Different Than the National Average Payment,692,"$20,970 ","$20,400 ","$21,554 ",,Value of Care hip/knee replacement,COMP_PAYM_90_HIP_KNEE,Average Complications and Average Payment,,4/1/2015,3/31/2018,"2000 PEPPERELL PARKWAY OPELIKA, AL 36801 (32.638055, -85.404003)"
470 - MAJOR JOINT REPLACEMENT OR REATTACHMENT OF LOWER EXTREMITY W/O MCC,10033,UNIVERSITY OF ALABAMA HOSPITAL,619 SOUTH 19TH STREET,BIRMINGHAM,AL,35233,AL - Birmingham,144,52171.17,16477.93,11465.76,,UNIVERSITY OF ALABAMA HOSPITAL,619 SOUTH 19TH STREET,BIRMINGHAM,AL,35233.0,JEFFERSON,2059344011.0,Acute Care Hospitals,Government - State,Yes,Y,2,,Above the national average,,Below the national average,,Below the national average,,Above the national average,,Below the national average,,Below the national average,,Below the national average,,UNIVERSITY OF ALABAMA HOSPITAL,Payment for hip/knee replacement patients,PAYM_90_HIP_KNEE,Greater Than the National Average Payment,243,"$24,311 ","$23,130 ","$25,522 ",,Value of Care hip/knee replacement,COMP_PAYM_90_HIP_KNEE,Average Complications and Higher Payment,,4/1/2015,3/31/2018,"619 SOUTH 19TH STREET BIRMINGHAM, AL 35233 (33.506129, -86.801922)"
470 - MAJOR JOINT REPLACEMENT OR REATTACHMENT OF LOWER EXTREMITY W/O MCC,10035,CULLMAN REGIONAL MEDICAL CENTER,1912 ALABAMA HIGHWAY 157,CULLMAN,AL,35058,AL - Birmingham,145,53336.41,14943.73,12074.82,,CULLMAN REGIONAL MEDICAL CENTER,1912 ALABAMA HIGHWAY 157,CULLMAN,AL,35058.0,CULLMAN,2567372000.0,Acute Care Hospitals,Government - Hospital District or Authority,Yes,Y,2,,Below the national average,,Below the national average,,Below the national average,,Same as the national average,,Same as the national average,,Above the national average,,Same as the national average,,CULLMAN REGIONAL MEDICAL CENTER,Payment for hip/knee replacement patients,PAYM_90_HIP_KNEE,No Different Than the National Average Payment,247,"$21,673 ","$20,731 ","$22,718 ",,Value of Care hip/knee replacement,COMP_PAYM_90_HIP_KNEE,Average Complications and Average Payment,,4/1/2015,3/31/2018,"1912 ALABAMA HIGHWAY 157 CULLMAN, AL 35058 (34.198587, -86.805641)"
470 - MAJOR JOINT REPLACEMENT OR REATTACHMENT OF LOWER EXTREMITY W/O MCC,10036,ANDALUSIA REGIONAL HOSPITAL,849 SOUTH THREE NOTCH STREET,ANDALUSIA,AL,36420,FL - Pensacola,61,68926.67,10911.87,9053.84,,ANDALUSIA HEALTH,849 SOUTH THREE NOTCH STREET,ANDALUSIA,AL,36420.0,COVINGTON,3342228466.0,Acute Care Hospitals,Proprietary,Yes,Y,3,,Same as the national average,,Above the national average,,Same as the national average,,Below the national average,,Same as the national average,,Above the national average,,Same as the national average,,ANDALUSIA HEALTH,Payment for hip/knee replacement patients,PAYM_90_HIP_KNEE,No Different Than the National Average Payment,97,"$21,389 ","$19,905 ","$22,960 ",,Value of Care hip/knee replacement,COMP_PAYM_90_HIP_KNEE,Average Complications and Average Payment,,4/1/2015,3/31/2018,"849 SOUTH THREE NOTCH STREET ANDALUSIA, AL 36420 (31.297462, -86.495599)"
470 - MAJOR JOINT REPLACEMENT OR REATTACHMENT OF LOWER EXTREMITY W/O MCC,10038,STRINGFELLOW MEMORIAL HOSPITAL,301 EAST 18TH ST,ANNISTON,AL,36201,AL - Birmingham,38,229770.34,13235.66,9851.79,,STRINGFELLOW MEMORIAL HOSPITAL,301 EAST 18TH ST,ANNISTON,AL,36201.0,CALHOUN,2562358900.0,Acute Care Hospitals,Proprietary,Yes,Y,3,,Same as the national average,,Same as the national average,,Same as the national average,,Below the national average,,Same as the national average,,Above the national average,,Same as the national average,,STRINGFELLOW MEMORIAL HOSPITAL,Payment for hip/knee replacement patients,PAYM_90_HIP_KNEE,Greater Than the National Average Payment,56,"$26,151 ","$23,600 ","$28,850 ",,Value of Care hip/knee replacement,COMP_PAYM_90_HIP_KNEE,Average Complications and Higher Payment,,4/1/2015,3/31/2018,"301 EAST 18TH ST ANNISTON, AL 36201 (33.667701, -85.825025)"
470 - MAJOR JOINT REPLACEMENT OR REATTACHMENT OF LOWER EXTREMITY W/O MCC,10039,HUNTSVILLE HOSPITAL,101 SIVLEY RD,HUNTSVILLE,AL,35801,AL - Huntsville,862,67716.47,13355.4,10048.79,,HUNTSVILLE HOSPITAL,101 SIVLEY RD,HUNTSVILLE,AL,35801.0,MADISON,2562651000.0,Acute Care Hospitals,Government - Hospital District or Authority,Yes,Y,2,,Below the national average,,Below the national average,,Below the national average,,Above the national average,,Same as the national average,,Below the national average,,Below the national average,,HUNTSVILLE HOSPITAL,Payment for hip/knee replacement patients,PAYM_90_HIP_KNEE,Less Than the National Average Payment,1667,"$19,403 ","$19,046 ","$19,759 ",,Value of Care hip/knee replacement,COMP_PAYM_90_HIP_KNEE,Average Complications and Lower Payment,,4/1/2015,3/31/2018,"101 SIVLEY RD HUNTSVILLE, AL 35801 (34.721226, -86.581547)"
470 - MAJOR JOINT REPLACEMENT OR REATTACHMENT OF LOWER EXTREMITY W/O MCC,10040,GADSDEN REGIONAL MEDICAL CENTER,1007 GOODYEAR AVENUE,GADSDEN,AL,35903,AL - Birmingham,274,112909.68,11553.1,9327.03,,GADSDEN REGIONAL MEDICAL CENTER,1007 GOODYEAR AVENUE,GADSDEN,AL,35903.0,ETOWAH,2564944000.0,Acute Care Hospitals,Proprietary,Yes,Y,2,,Same as the national average,,Below the national average,,Below the national average,,Below the national average,,Below the national average,,Below the national average,,Below the national average,,GADSDEN REGIONAL MEDICAL CENTER,Payment for hip/knee replacement patients,PAYM_90_HIP_KNEE,Greater Than the National Average Payment,435,"$24,379 ","$23,476 ","$25,383 ",,Value of Care hip/knee replacement,COMP_PAYM_90_HIP_KNEE,Worse Complications and Higher Payment,,4/1/2015,3/31/2018,"1007 GOODYEAR AVENUE GADSDEN, AL 35903 (34.009389, -85.96752)"
470 - MAJOR JOINT REPLACEMENT OR REATTACHMENT OF LOWER EXTREMITY W/O MCC,10046,RIVERVIEW REGIONAL MEDICAL CENTER,600 SOUTH THIRD STREET,GADSDEN,AL,35901,AL - Birmingham,46,138104.93,10563.35,9336.83,,RIVERVIEW REGIONAL MEDICAL CENTER,600 SOUTH THIRD STREET,GADSDEN,AL,35901.0,ETOWAH,2565435200.0,Acute Care Hospitals,Proprietary,Yes,Y,3,,Same as the national average,,Above the national average,,Same as the national average,,Below the national average,,Below the national average,,Above the national average,,Not Available,Results are not available for this reporting period.,RIVERVIEW REGIONAL MEDICAL CENTER,Payment for hip/knee replacement patients,PAYM_90_HIP_KNEE,No Different Than the National Average Payment,101,"$22,856 ","$21,278 ","$24,539 ",,Value of Care hip/knee replacement,COMP_PAYM_90_HIP_KNEE,Average Complications and Average Payment,,4/1/2015,3/31/2018,"600 SOUTH THIRD STREET GADSDEN, AL 35901 (34.003811, -86.004086)"
470 - MAJOR JOINT REPLACEMENT OR REATTACHMENT OF LOWER EXTREMITY W/O MCC,10049,MEDICAL CENTER ENTERPRISE,400 N EDWARDS STREET,ENTERPRISE,AL,36330,AL - Dothan,134,101598.52,10933.99,9090.67,,MEDICAL CENTER ENTERPRISE,400 N EDWARDS STREET,ENTERPRISE,AL,36330.0,COFFEE,3343470584.0,Acute Care Hospitals,Proprietary,Yes,Y,2,,Below the national average,,Above the national average,,Same as the national average,,Below the national average,,Same as the national average,,Same as the national average,,Same as the national average,,MEDICAL CENTER ENTERPRISE,Payment for hip/knee replacement patients,PAYM_90_HIP_KNEE,No Different Than the National Average Payment,246,"$22,231 ","$21,213 ","$23,257 ",,Value of Care hip/knee replacement,COMP_PAYM_90_HIP_KNEE,Average Complications and Average Payment,,4/1/2015,3/31/2018,"400 N EDWARDS STREET ENTERPRISE, AL 36330 (31.318191, -85.855308)"
470 - MAJOR JOINT REPLACEMENT OR REATTACHMENT OF LOWER EXTREMITY W/O MCC,10055,FLOWERS HOSPITAL,4370 WEST MAIN STREET,DOTHAN,AL,36305,AL - Dothan,276,70651.33,11286.2,8971.18,,FLOWERS HOSPITAL,4370 WEST MAIN STREET,DOTHAN,AL,36305.0,HOUSTON,3347935000.0,Acute Care Hospitals,Proprietary,Yes,Y,4,,Below the national average,,Above the national average,,Above the national average,,Above the national average,,Same as the national average,,Same as the national average,,Above the national average,,FLOWERS HOSPITAL,Payment for hip/knee replacement patients,PAYM_90_HIP_KNEE,Greater Than the National Average Payment,470,"$22,463 ","$21,700 ","$23,248 ",,Value of Care hip/knee replacement,COMP_PAYM_90_HIP_KNEE,Average Complications and Higher Payment,,4/1/2015,3/31/2018,"4370 WEST MAIN STREET DOTHAN, AL 36305 (31.235991, -85.457937)"
470 - MAJOR JOINT REPLACEMENT OR REATTACHMENT OF LOWER EXTREMITY W/O MCC,10056,ST VINCENT'S BIRMINGHAM,810 ST VINCENT'S DRIVE,BIRMINGHAM,AL,35205,AL - Birmingham,821,34832.33,11992.95,8488.36,,ST VINCENT'S BIRMINGHAM,810 ST VINCENT'S DRIVE,BIRMINGHAM,AL,35205.0,JEFFERSON,2059397000.0,Acute Care Hospitals,Voluntary non-profit - Private,Yes,Y,4,,Same as the national average,,Below the national average,,Above the national average,,Above the national average,,Same as the national average,,Same as the national average,,Same as the national average,,ST VINCENT'S BIRMINGHAM,Payment for hip/knee replacement patients,PAYM_90_HIP_KNEE,No Different Than the National Average Payment,1558,"$21,701 ","$21,292 ","$22,130 ",,Value of Care hip/knee replacement,COMP_PAYM_90_HIP_KNEE,Average Complications and Average Payment,,4/1/2015,3/31/2018,"810 ST VINCENT'S DRIVE BIRMINGHAM, AL 35205 (33.508015, -86.788755)"
470 - MAJOR JOINT REPLACEMENT OR REATTACHMENT OF LOWER EXTREMITY W/O MCC,10061,HIGHLANDS MEDICAL CENTER,380 WOODS COVE ROAD,SCOTTSBORO,AL,35768,AL - Huntsville,29,43403.48,11707.21,10487.76,,HIGHLANDS MEDICAL CENTER,380 WOODS COVE ROAD,SCOTTSBORO,AL,35768.0,JACKSON,2562594444.0,Acute Care Hospitals,Government - Hospital District or Authority,Yes,Y,3,,Same as the national average,,Above the national average,,Same as the national average,,Same as the national average,,Below the national average,,Below the national average,,Same as the national average,,HIGHLANDS MEDICAL CENTER,Payment for hip/knee replacement patients,PAYM_90_HIP_KNEE,Greater Than the National Average Payment,34,"$24,785 ","$22,101 ","$27,824 ",,Value of Care hip/knee replacement,COMP_PAYM_90_HIP_KNEE,Average Complications and Higher Payment,,4/1/2015,3/31/2018,"380 WOODS COVE ROAD SCOTTSBORO, AL 35768 (34.661254, -86.047116)"
470 - MAJOR JOINT REPLACEMENT OR REATTACHMENT OF LOWER EXTREMITY W/O MCC,10065,RUSSELL MEDICAL CENTER,3316 HIGHWAY 280,ALEXANDER CITY,AL,35010,AL - Birmingham,33,24457.61,11057.7,9830.09,,RUSSELL MEDICAL CENTER,3316 HIGHWAY 280,ALEXANDER CITY,AL,35010.0,TALLAPOOSA,2563297100.0,Acute Care Hospitals,Voluntary non-profit - Private,Yes,Y,3,,Same as the national average,,Above the national average,,Below the national average,,Same as the national average,,Same as the national average,,Same as the national average,,Same as the national average,,RUSSELL MEDICAL CENTER,Payment for hip/knee replacement patients,PAYM_90_HIP_KNEE,Greater Than the National Average Payment,80,"$25,306 ","$23,307 ","$27,582 ",,Value of Care hip/knee replacement,COMP_PAYM_90_HIP_KNEE,Average Complications and Higher Payment,,4/1/2015,3/31/2018,"3316 HIGHWAY 280 ALEXANDER CITY, AL 35010 (32.93103, -85.968394)"
470 - MAJOR JOINT REPLACEMENT OR REATTACHMENT OF LOWER EXTREMITY W/O MCC,10078,NORTHEAST ALABAMA REGIONAL MEDICAL CENTER,400 EAST 10TH STREET,ANNISTON,AL,36207,AL - Birmingham,188,68303.11,10498.06,8835.76,,NORTHEAST ALABAMA REGIONAL MEDICAL CENTER,400 EAST 10TH STREET,ANNISTON,AL,36207.0,CALHOUN,2562355121.0,Acute Care Hospitals,Government - Local,Yes,Y,2,,Same as the national average,,Below the national average,,Same as the national average,,Below the national average,,Same as the national average,,Below the national average,,Same as the national average,,NORTHEAST ALABAMA REGIONAL MEDICAL CENTER,Payment for hip/knee replacement patients,PAYM_90_HIP_KNEE,Greater Than the National Average Payment,340,"$22,878 ","$21,991 ","$23,799 ",,Value of Care hip/knee replacement,COMP_PAYM_90_HIP_KNEE,Average Complications and Higher Payment,,4/1/2015,3/31/2018,"400 EAST 10TH STREET ANNISTON, AL 36207 (33.657123, -85.823353)"
470 - MAJOR JOINT REPLACEMENT OR REATTACHMENT OF LOWER EXTREMITY W/O MCC,10079,ATHENS LIMESTONE HOSPITAL,700 WEST MARKET STREET,ATHENS,AL,35611,AL - Huntsville,120,35205.15,12017.73,9964.32,,ATHENS LIMESTONE HOSPITAL,700 WEST MARKET STREET,ATHENS,AL,35611.0,LIMESTONE,2562339292.0,Acute Care Hospitals,Government - Hospital District or Authority,Yes,Y,2,,Same as the national average,,Below the national average,,Same as the national average,,Same as the national average,,Same as the national average,,Above the national average,,Below the national average,,ATHENS LIMESTONE HOSPITAL,Payment for hip/knee replacement patients,PAYM_90_HIP_KNEE,Greater Than the National Average Payment,203,"$24,099 ","$22,866 ","$25,379 ",,Value of Care hip/knee replacement,COMP_PAYM_90_HIP_KNEE,Average Complications and Higher Payment,,4/1/2015,3/31/2018,"700 WEST MARKET STREET ATHENS, AL 35611 (34.803499, -86.977803)"
470 - MAJOR JOINT REPLACEMENT OR REATTACHMENT OF LOWER EXTREMITY W/O MCC,10083,SOUTH BALDWIN REGIONAL MEDICAL CENTER,1613 NORTH MCKENZIE STREET,FOLEY,AL,36535,AL - Mobile,104,98587.99,10850.59,9128.45,,SOUTH BALDWIN REGIONAL MEDICAL CENTER,1613 NORTH MCKENZIE STREET,FOLEY,AL,36535.0,BALDWIN,2519493400.0,Acute Care Hospitals,Proprietary,Yes,Y,3,,Same as the national average,,Same as the national average,,Below the national average,,Above the national average,,Same as the national average,,Same as the national average,,Below the national average,,SOUTH BALDWIN REGIONAL MEDICAL CENTER,Payment for hip/knee replacement patients,PAYM_90_HIP_KNEE,Less Than the National Average Payment,206,"$19,795 ","$18,850 ","$20,740 ",,Value of Care hip/knee replacement,COMP_PAYM_90_HIP_KNEE,Average Complications and Lower Payment,,4/1/2015,3/31/2018,"1613 NORTH MCKENZIE STREET FOLEY, AL 36535 (30.426109, -87.683187)"
470 - MAJOR JOINT REPLACEMENT OR REATTACHMENT OF LOWER EXTREMITY W/O MCC,10085,DECATUR MORGAN HOSPITAL-DECATUR CAMPUS,1201 7TH STREET SE,DECATUR,AL,35601,AL - Huntsville,223,43953.33,10110.85,8038.83,,DECATUR MORGAN HOSPITAL-DECATUR CAMPUS,1201 7TH STREET SE,DECATUR,AL,35601.0,MORGAN,2563412000.0,Acute Care Hospitals,Government - Hospital District or Authority,Yes,Y,2,,Same as the national average,,Same as the national average,,Above the national average,,Same as the national average,,Below the national average,,Below the national average,,Below the national average,,DECATUR MORGAN HOSPITAL-DECATUR CAMPUS,Payment for hip/knee replacement patients,PAYM_90_HIP_KNEE,No Different Than the National Average Payment,409,"$22,160 ","$21,343 ","$23,012 ",,Value of Care hip/knee replacement,COMP_PAYM_90_HIP_KNEE,Average Complications and Average Payment,,4/1/2015,3/31/2018,"1201 7TH STREET SE DECATUR, AL 35601 (34.591168, -86.972621)"
470 - MAJOR JOINT REPLACEMENT OR REATTACHMENT OF LOWER EXTREMITY W/O MCC,10089,WALKER BAPTIST MEDICAL CENTER,3400 HIGHWAY 78 EAST,JASPER,AL,35502,AL - Birmingham,137,77543.28,12561.05,10683.62,,WALKER BAPTIST MEDICAL CENTER,3400 HIGHWAY 78 EAST,JASPER,AL,35502.0,WALKER,2053874000.0,Acute Care Hospitals,Voluntary non-profit - Private,Yes,Y,4,,Same as the national average,,Above the national average,,Above the national average,,Same as the national average,,Same as the national average,,Above the national average,,Same as the national average,,WALKER BAPTIST MEDICAL CENTER,Payment for hip/knee replacement patients,PAYM_90_HIP_KNEE,No Different Than the National Average Payment,246,"$21,031 ","$20,096 ","$21,985 ",,Value of Care hip/knee replacement,COMP_PAYM_90_HIP_KNEE,Average Complications and Average Payment,,4/1/2015,3/31/2018,"3400 HIGHWAY 78 EAST JASPER, AL 35502 (33.841142, -87.236879)"
470 - MAJOR JOINT REPLACEMENT OR REATTACHMENT OF LOWER EXTREMITY W/O MCC,10090,PROVIDENCE HOSPITAL,6801 AIRPORT BOULEVARD,MOBILE,AL,36608,AL - Mobile,198,27501.87,12197.76,8581.18,,PROVIDENCE HOSPITAL,6801 AIRPORT BOULEVARD,MOBILE,AL,36608.0,MOBILE,2516331000.0,Acute Care Hospitals,Voluntary non-profit - Church,Yes,Y,2,,Below the national average,,Below the national average,,Above the national average,,Same as the national average,,Same as the national average,,Below the national average,,Below the national average,,PROVIDENCE HOSPITAL,Payment for hip/knee replacement patients,PAYM_90_HIP_KNEE,Less Than the National Average Payment,415,"$20,550 ","$19,841 ","$21,262 ",,Value of Care hip/knee replacement,COMP_PAYM_90_HIP_KNEE,Average Complications and Lower Payment,,4/1/2015,3/31/2018,"6801 AIRPORT BOULEVARD MOBILE, AL 36608 (30.68169, -88.198329)"
470 - MAJOR JOINT REPLACEMENT OR REATTACHMENT OF LOWER EXTREMITY W/O MCC,10092,D C H REGIONAL MEDICAL CENTER,809 UNIVERSITY BOULEVARD EAST,TUSCALOOSA,AL,35401,AL - Tuscaloosa,400,39779.37,12733.25,10153.33,,D C H REGIONAL MEDICAL CENTER,809 UNIVERSITY BOULEVARD EAST,TUSCALOOSA,AL,35401.0,TUSCALOOSA,2057597111.0,Acute Care Hospitals,Government - Hospital District or Authority,Yes,Y,2,,Below the national average,,Same as the national average,,Below the national average,,Same as the national average,,Same as the national average,,Below the national average,,Above the national average,,D C H REGIONAL MEDICAL CENTER,Payment for hip/knee replacement patients,PAYM_90_HIP_KNEE,Greater Than the National Average Payment,723,"$22,982 ","$22,350 ","$23,661 ",,Value of Care hip/knee replacement,COMP_PAYM_90_HIP_KNEE,Average Complications and Higher Payment,,4/1/2015,3/31/2018,"809 UNIVERSITY BOULEVARD EAST TUSCALOOSA, AL 35401 (33.20613, -87.525154)"
470 - MAJOR JOINT REPLACEMENT OR REATTACHMENT OF LOWER EXTREMITY W/O MCC,10100,THOMAS HOSPITAL,750 MORPHY AVENUE,FAIRHOPE,AL,36532,AL - Mobile,298,34417.42,10335.51,8128.21,,THOMAS HOSPITAL,750 MORPHY AVENUE,FAIRHOPE,AL,36532.0,BALDWIN,2519282375.0,Acute Care Hospitals,Voluntary non-profit - Private,Yes,Y,3,,Same as the national average,,Above the national average,,Below the national average,,Above the national average,,Same as the national average,,Below the national average,,Below the national average,,THOMAS HOSPITAL,Payment for hip/knee replacement patients,PAYM_90_HIP_KNEE,Less Than the National Average Payment,565,"$19,330 ","$18,771 ","$19,894 ",,Value of Care hip/knee replacement,COMP_PAYM_90_HIP_KNEE,Average Complications and Lower Payment,,4/1/2015,3/31/2018,"750 MORPHY AVENUE FAIRHOPE, AL 36532 (30.519999, -87.890333)"
470 - MAJOR JOINT REPLACEMENT OR REATTACHMENT OF LOWER EXTREMITY W/O MCC,10103,PRINCETON BAPTIST MEDICAL CENTER,701 PRINCETON AVENUE SOUTHWEST,BIRMINGHAM,AL,35211,AL - Birmingham,109,89844.7,13404.5,10193.17,,PRINCETON BAPTIST MEDICAL CENTER,701 PRINCETON AVENUE SOUTHWEST,BIRMINGHAM,AL,35211.0,JEFFERSON,2057833800.0,Acute Care Hospitals,Voluntary non-profit - Church,Yes,Y,3,,Below the national average,,Above the national average,,Below the national average,,Same as the national average,,Same as the national average,,Below the national average,,Same as the national average,,PRINCETON BAPTIST MEDICAL CENTER,Payment for hip/knee replacement patients,PAYM_90_HIP_KNEE,Greater Than the National Average Payment,220,"$24,071 ","$22,858 ","$25,325 ",,Value of Care hip/knee replacement,COMP_PAYM_90_HIP_KNEE,Average Complications and Higher Payment,,4/1/2015,3/31/2018,"701 PRINCETON AVENUE SOUTHWEST BIRMINGHAM, AL 35211 (33.499133, -86.846016)"
470 - MAJOR JOINT REPLACEMENT OR REATTACHMENT OF LOWER EXTREMITY W/O MCC,10104,GRANDVIEW MEDICAL CENTER,3690 GRANDVIEW PARKWAY,BIRMINGHAM,AL,35243,AL - Birmingham,468,142568.02,13071.2,9999.47,,GRANDVIEW MEDICAL CENTER,3690 GRANDVIEW PARKWAY,BIRMINGHAM,AL,35243.0,JEFFERSON,2055921000.0,Acute Care Hospitals,Proprietary,Yes,Y,2,,Same as the national average,,Below the national average,,Below the national average,,Same as the national average,,Same as the national average,,Above the national average,,Same as the national average,,GRANDVIEW MEDICAL CENTER,Payment for hip/knee replacement patients,PAYM_90_HIP_KNEE,Less Than the National Average Payment,788,"$20,644 ","$20,100 ","$21,176 ",,Value of Care hip/knee replacement,COMP_PAYM_90_HIP_KNEE,Average Complications and Lower Payment,,4/1/2015,3/31/2018,"3690 GRANDVIEW PARKWAY BIRMINGHAM, AL 35243 (33.434363, -86.720483)"
470 - MAJOR JOINT REPLACEMENT OR REATTACHMENT OF LOWER EXTREMITY W/O MCC,10113,MOBILE INFIRMARY MEDICAL CENTER,5 MOBILE INFIRMARY CIRCLE,MOBILE,AL,36652,AL - Mobile,326,26291.83,10967.61,9022.44,,MOBILE INFIRMARY MEDICAL CENTER,5 MOBILE INFIRMARY CIRCLE,MOBILE,AL,36652.0,MOBILE,2514354700.0,Acute Care Hospitals,Voluntary non-profit - Private,Yes,Y,2,,Same as the national average,,Below the national average,,Below the national average,,Above the national average,,Same as the national average,,Below the national average,,Below the national average,,MOBILE INFIRMARY MEDICAL CENTER,Payment for hip/knee replacement patients,PAYM_90_HIP_KNEE,No Different Than the National Average Payment,568,"$21,112 ","$20,486 ","$21,766 ",,Value of Care hip/knee replacement,COMP_PAYM_90_HIP_KNEE,Average Complications and Average Payment,,4/1/2015,3/31/2018,"5 MOBILE INFIRMARY CIRCLE MOBILE, AL 36652 (30.696443, -88.081017)"
470 - MAJOR JOINT REPLACEMENT OR REATTACHMENT OF LOWER EXTREMITY W/O MCC,10114,"MEDICAL WEST, AN AFFILIATE OF UAB HEALTH SYSTEM",995 9TH AVENUE SOUTHWEST,BESSEMER,AL,35021,AL - Birmingham,28,43409.21,11817.18,9658.61,,"MEDICAL WEST, AN AFFILIATE OF UAB HEALTH SYSTEM",995 9TH AVENUE SOUTHWEST,BESSEMER,AL,35021.0,JEFFERSON,2054817000.0,Acute Care Hospitals,Government - Hospital District or Authority,Yes,Y,3,,Same as the national average,,Below the national average,,Above the national average,,Below the national average,,Same as the national average,,Above the national average,,Same as the national average,,"MEDICAL WEST, AN AFFILIATE OF UAB HEALTH SYSTEM",Payment for hip/knee replacement patients,PAYM_90_HIP_KNEE,Greater Than the National Average Payment,42,"$24,099 ","$21,649 ","$26,883 ",,Value of Care hip/knee replacement,COMP_PAYM_90_HIP_KNEE,Average Complications and Higher Payment,,4/1/2015,3/31/2018,"995 9TH AVENUE SOUTHWEST BESSEMER, AL 35021 (33.373086, -86.991709)"
470 - MAJOR JOINT REPLACEMENT OR REATTACHMENT OF LOWER EXTREMITY W/O MCC,10126,TROY REGIONAL MEDICAL CENTER,1330 HIGHWAY 231 SOUTH,TROY,AL,36081,AL - Montgomery,24,52620.17,12173.54,10725.17,,TROY REGIONAL MEDICAL CENTER,1330 HIGHWAY 231 SOUTH,TROY,AL,36081.0,PIKE,3346705000.0,Acute Care Hospitals,Government - Federal,Yes,Y,2,,Same as the national average,,Not Available,Results are not available for this reporting period.,Below the national average,,Below the national average,,Same as the national average,,Same as the national average,,Below the national average,,TROY REGIONAL MEDICAL CENTER,Payment for hip/knee replacement patients,PAYM_90_HIP_KNEE,No Different Than the National Average Payment,27,"$19,808 ","$17,674 ","$22,233 ",,Value of Care hip/knee replacement,COMP_PAYM_90_HIP_KNEE,Average Complications and Average Payment,,4/1/2015,3/31/2018,"1330 HIGHWAY 231 SOUTH TROY, AL 36081 (31.780322, -85.945529)"
470 - MAJOR JOINT REPLACEMENT OR REATTACHMENT OF LOWER EXTREMITY W/O MCC,10129,NORTH BALDWIN INFIRMARY,1815 HAND AVENUE,BAY MINETTE,AL,36507,AL - Mobile,47,20248.23,11024.55,9490.15,,NORTH BALDWIN INFIRMARY,1815 HAND AVENUE,BAY MINETTE,AL,36507.0,BALDWIN,2519375521.0,Acute Care Hospitals,Voluntary non-profit - Private,Yes,Y,2,,Same as the national average,,Not Available,Results are not available for this reporting period.,Below the national average,,Above the national average,,Same as the national average,,Same as the national average,,Not Available,Results are not available for this reporting period.,NORTH BALDWIN INFIRMARY,Payment for hip/knee replacement patients,PAYM_90_HIP_KNEE,No Different Than the National Average Payment,25,"$21,044 ","$18,632 ","$23,873 ",,Value of Care hip/knee replacement,COMP_PAYM_90_HIP_KNEE,Average Complications and Average Payment,,4/1/2015,3/31/2018,"1815 HAND AVENUE BAY MINETTE, AL 36507 (30.902492, -87.783318)"
470 - MAJOR JOINT REPLACEMENT OR REATTACHMENT OF LOWER EXTREMITY W/O MCC,10131,CRESTWOOD MEDICAL CENTER,ONE HOSPITAL DR SE,HUNTSVILLE,AL,35801,AL - Huntsville,418,109559.8,11558.86,8987.63,,CRESTWOOD MEDICAL CENTER,ONE HOSPITAL DR SE,HUNTSVILLE,AL,35801.0,MADISON,2568823100.0,Acute Care Hospitals,Proprietary,Yes,Y,2,,Same as the national average,,Above the national average,,Below the national average,,Below the national average,,Same as the national average,,Below the national average,,Same as the national average,,CRESTWOOD MEDICAL CENTER,Payment for hip/knee replacement patients,PAYM_90_HIP_KNEE,Less Than the National Average Payment,862,"$20,409 ","$19,912 ","$20,906 ",,Value of Care hip/knee replacement,COMP_PAYM_90_HIP_KNEE,Average Complications and Lower Payment,,4/1/2015,3/31/2018,"ONE HOSPITAL DR SE HUNTSVILLE, AL 35801"
470 - MAJOR JOINT REPLACEMENT OR REATTACHMENT OF LOWER EXTREMITY W/O MCC,10139,BROOKWOOD BAPTIST MEDICAL CENTER,2010 BROOKWOOD MEDICAL CENTER DRIVE,BIRMINGHAM,AL,35209,AL - Birmingham,368,125496.25,12180.21,8819.96,,BROOKWOOD BAPTIST MEDICAL CENTER,2010 BROOKWOOD MEDICAL CENTER DRIVE,BIRMINGHAM,AL,35209.0,JEFFERSON,2058771000.0,Acute Care Hospitals,Proprietary,Yes,Y,2,,Same as the national average,,Above the national average,,Below the national average,,Below the national average,,Same as the national average,,Same as the national average,,Same as the national average,,BROOKWOOD BAPTIST MEDICAL CENTER,Payment for hip/knee replacement patients,PAYM_90_HIP_KNEE,No Different Than the National Average Payment,717,"$21,744 ","$21,156 ","$22,347 ",,Value of Care hip/knee replacement,COMP_PAYM_90_HIP_KNEE,Average Complications and Average Payment,,4/1/2015,3/31/2018,"2010 BROOKWOOD MEDICAL CENTER DRIVE BIRMINGHAM, AL 35209 (33.46291, -86.77685)"
470 - MAJOR JOINT REPLACEMENT OR REATTACHMENT OF LOWER EXTREMITY W/O MCC,10144,SPRINGHILL MEMORIAL HOSPITAL,3719 DAUPHIN STREET,MOBILE,AL,36608,AL - Mobile,199,37713.18,11660.9,7822.1,,SPRINGHILL MEMORIAL HOSPITAL,3719 DAUPHIN STREET,MOBILE,AL,36608.0,MOBILE,2513449630.0,Acute Care Hospitals,Proprietary,Yes,Y,2,,Same as the national average,,Below the national average,,Below the national average,,Same as the national average,,Same as the national average,,Below the national average,,Below the national average,,SPRINGHILL MEMORIAL HOSPITAL,Payment for hip/knee replacement patients,PAYM_90_HIP_KNEE,Greater Than the National Average Payment,276,"$23,669 ","$22,621 ","$24,764 ",,Value of Care hip/knee replacement,COMP_PAYM_90_HIP_KNEE,Average Complications and Higher Payment,,4/1/2015,3/31/2018,"3719 DAUPHIN STREET MOBILE, AL 36608 (30.685946, -88.131719)"
470 - MAJOR JOINT REPLACEMENT OR REATTACHMENT OF LOWER EXTREMITY W/O MCC,10158,RUSSELLVILLE HOSPITAL,15155 HIGHWAY 43,RUSSELLVILLE,AL,35653,AL - Birmingham,46,70358.98,11408.35,10156.87,,RUSSELLVILLE HOSPITAL,15155 HIGHWAY 43,RUSSELLVILLE,AL,35653.0,FRANKLIN,2563321611.0,Acute Care Hospitals,Proprietary,Yes,Y,4,,Same as the national average,,Above the national average,,Above the national average,,Same as the national average,,Same as the national average,,Above the national average,,Same as the national average,,RUSSELLVILLE HOSPITAL,Payment for hip/knee replacement patients,PAYM_90_HIP_KNEE,No Different Than the National Average Payment,44,"$20,948 ","$18,989 ","$23,055 ",,Value of Care hip/knee replacement,COMP_PAYM_90_HIP_KNEE,Average Complications and Average Payment,,4/1/2015,3/31/2018,"15155 HIGHWAY 43 RUSSELLVILLE, AL 35653 (34.511165, -87.717585)"
470 - MAJOR JOINT REPLACEMENT OR REATTACHMENT OF LOWER EXTREMITY W/O MCC,10164,COOSA VALLEY MEDICAL CENTER,315 W HICKORY ST,SYLACAUGA,AL,35150,AL - Birmingham,31,51809.48,11383.97,9543.65,,COOSA VALLEY MEDICAL CENTER,315 W HICKORY ST,SYLACAUGA,AL,35150.0,TALLADEGA,2562495000.0,Acute Care Hospitals,Voluntary non-profit - Other,Yes,Y,2,,Same as the national average,,Below the national average,,Above the national average,,Below the national average,,Same as the national average,,Same as the national average,,Above the national average,,COOSA VALLEY MEDICAL CENTER,Payment for hip/knee replacement patients,PAYM_90_HIP_KNEE,Greater Than the National Average Payment,42,"$24,526 ","$22,006 ","$27,268 ",,Value of Care hip/knee replacement,COMP_PAYM_90_HIP_KNEE,Average Complications and Higher Payment,,4/1/2015,3/31/2018,"315 W HICKORY ST SYLACAUGA, AL 35150 (33.164666, -86.254598)"
470 - MAJOR JOINT REPLACEMENT OR REATTACHMENT OF LOWER EXTREMITY W/O MCC,10168,JACK HUGHSTON MEMORIAL HOSPITAL,4401 RIVER CHASE DRIVE,PHENIX CITY,AL,36867,GA - Columbus,510,38539.84,11778.32,9209.91,,JACK HUGHSTON MEMORIAL HOSPITAL,4401 RIVER CHASE DRIVE,PHENIX CITY,AL,36867.0,RUSSELL,3347323000.0,Acute Care Hospitals,Government - State,Yes,Y,4,,Not Available,There are too few measures or measure groups reported to calculate a star rating or measure group score.,Above the national average,,Below the national average,,Above the national average,,Same as the national average,,Same as the national average,,Not Available,Results are not available for this reporting period.,JACK HUGHSTON MEMORIAL HOSPITAL,Payment for hip/knee replacement patients,PAYM_90_HIP_KNEE,Less Than the National Average Payment,1173,"$20,509 ","$20,063 ","$20,943 ",,Value of Care hip/knee replacement,COMP_PAYM_90_HIP_KNEE,Average Complications and Lower Payment,,4/1/2015,3/31/2018,"4401 RIVER CHASE DRIVE PHENIX CITY, AL 36867 (32.509045, -85.005696)"
